1,"Which of the following statements is false?
A. Tissues exist within organs which exist within
organ systems.
B. Communities exist within populations which
exist within ecosystems.
C. Organelles exist within cells which exist within
tissues.
D. Communities exist within ecosystems which
exist in the biosphere."
1,"In the example below, the scientific method
is used to solve an everyday problem. Which part in the
example below is the hypothesis? Which is the prediction?
Based on the results of the experiment, is the hypothesis
supported? If it is not supported, propose some alternative
hypotheses.
1. My toaster doesn’t toast my bread.
2. Why doesn’t my toaster work?
3. There is something wrong with the electrical
outlet.
4. If something is wrong with the outlet, my
coffeemaker also won’t work when plugged into
it.
5. I plug my coffeemaker into the outlet.
6. My coffeemaker works."
1,"The smallest unit of biological structure that meets the
functional requirements of “living” is the ________.
a. organ
b. organelle
c. cell
d. macromolecule"
1,"Which of the following sequences represents the
hierarchy of biological organization from the most
complex to the least complex level?
a. organelle, tissue, biosphere, ecosystem,
population
b. organ, organism, tissue, organelle, molecule
c. organism, community, biosphere, molecule,
tissue, organ
d. biosphere, ecosystem, community, population,
organism"
1,"A suggested and testable explanation for an event is
called a ________.
a. hypothesis
b. variable
c. theory
d. control"
1,"The type of logical thinking that uses related
observations to arrive at a general conclusion is called
________.
a. deductive reasoning
b. the scientific method
c. hypothesis-based science
d. inductive reasoning"
1,"Using examples, explain how biology can be studied
from a microscopic approach to a global approach"
1,"Give an example of how applied science has had a
direct effect on your daily life."
2,"How many neutrons do (K) potassium-39
and potassium-40 have, respectively?"
2,"Magnesium has an atomic number of 12. Which of the
following statements is true of a neutral magnesium atom?
a. It has 12 protons, 12 electrons, and 12 neutrons.
b. It has 12 protons, 12 electrons, and six neutrons.
c. It has six protons, six electrons, and no neutrons.
d. It has six protons, six electrons, and six
neutrons."
2,"Which type of bond represents a weak chemical bond?
a. hydrogen bond
b. ionic bond
c. covalent bond
d. polar covalent bond"
2,"An isotope of sodium (Na) has a mass number of 22.
How many neutrons does it have?
a. 11
b. 12
c. 22
d. 44"
2,"Which of the following statements is not true?
a. Water is polar.
b. Water stabilizes temperature.
c. Water is essential for life.
d. Water is the most abundant atom in Earth’s
atmosphere."
2,"Using a pH meter, you find the pH of an unknown
solution to be 8.0. How would you describe this solution?
a. weakly acidic
b. strongly acidic
c. weakly basic
d. strongly basic"
2,"The pH of lemon juice is about 2.0, whereas tomato
juice's pH is about 4.0. Approximately how much of an
increase in hydrogen ion concentration is there between
tomato juice and lemon juice?
a. 2 times
b. 10 times
c. 100 times
d. 1000 times"
2,"An example of a monosaccharide is ________.
a. fructose
b. glucose
c. galactose
d. all of the above"
2,"Cellulose and starch are examples of ________.
a. monosaccharides
b. disaccharides
c. lipids
d. polysaccharides"
2,"Phospholipids are important components of
__________.
a. the plasma membrane of cells
b. the ring structure of steroids
c. the waxy covering on leaves
d. the double bond in hydrocarbon chains"
2,"The monomers that make up proteins are called
_________.
a. nucleotides
b. disaccharides
c. amino acids
d. chaperones"
2,"Why are hydrogen bonds and van der Waals
interactions necessary for cells?"
2,Why can some insects walk on water?
2,Explain why water is an excellent solvent.
2,"Explain at least three functions that lipids serve in
plants and/or animals"
2,"Explain what happens if even one amino acid is
substituted for another in a polypeptide chain. Provide a
specific example."
3,"What structures does a plant cell have that
an animal cell does not have? What structures does an
animal cell have that a plant cell does not have?"
3,"Why does the cis face of the Golgi not face
the plasma membrane?"
3,"A doctor injects a patient with what he
thinks is isotonic saline solution. The patient dies, and
autopsy reveals that many red blood cells have been
destroyed. Do you think the solution the doctor injected
was really isotonic?"
3,"When viewing a specimen through a light microscope,
scientists use _________ to distinguish the individual
components of cells.
a. a beam of electrons
b. radioactive isotopes
c. special stains
d. high temperatures"
3,"The ___________ is the basic unit of life.
a. organism
b. cell
c. tissue
d. organ"
3,"Which of these do all prokaryotes and eukaryotes
share?
a. nuclear envelope
b. cell walls
c. organelles
d. plasma membrane"
3,"A typical prokaryotic cell __________________
compared to a eukaryotic cell.
a. is smaller in size by a factor of 100
b. is similar in size
c. is smaller in size by a factor of one million
d. is larger in size by a factor of 10"
3,"Which of the following is found both in eukaryotic and
prokaryotic cells?
a. nucleus
b. mitochondrion
c. vacuole
d. ribosome"
3,"Which of the following is not a component of the
endomembrane system?
a. mitochondrion
b. Golgi apparatus
c. endoplasmic reticulum
d. lysosome"
3,"Which plasma membrane component can be either
found on its surface or embedded in the membrane
structure?
a. protein
b. cholesterol
c. carbohydrate
d. phospholipid"
3,"The tails of the phospholipids of the plasma membrane
are composed of _____ and are _______?
a. phosphate groups; hydrophobic
b. fatty acid groups; hydrophilic
c. phosphate groups; hydrophilic
d. fatty acid groups; hydrophobic"
3,"Water moves via osmosis _________.
a. throughout the cytoplasm
b. from an area with a high concentration of other
solutes to a lower one
c. from an area with a low concentration of solutes
to an area with a higher one
d. from an area with a low concentration of water
to one of higher concentration"
3,"The principal force driving movement in diffusion is
__________.
a. temperature
b. particle size
c. concentration gradient
d. membrane surface area"
3,"Active transport must function continuously because
__________.
a. plasma membranes wear out
b. cells must be in constant motion
c. facilitated transport opposes active transport
d. diffusion is constantly moving the solutes in the
other direction"
3,"What are the advantages and disadvantages of light,
transmission, and scanning electron microscopes?"
3,"Describe the structures that are characteristic of a
prokaryote cell."
3,"In the context of cell biology, what do we mean by
form follows function? What are at least two examples of
this concept?"
3,"Why is it advantageous for the cell membrane to be
fluid in nature?"
3,Why does osmosis occur?
3,"Where does the cell get energy for active transport
processes?"
4,"Look at each of the processes shown and
decide if it is endergonic or exergonic."
4,"Cyanide inhibits cytochrome c oxidase, a
component of the electron transport chain. If cyanide
poisoning occurs, would you expect the pH of the
intermembrane space to increase or decrease? What affect
would cyanide have on ATP synthesis?"
4,"Tremetol, a metabolic poison found in
white snake root plant, prevents the metabolism of lactate.
When cows eat this plant, Tremetol is concentrated in the
milk. Humans who consume the milk become ill.
Symptoms of this disease, which include vomiting,
abdominal pain, and tremors, become worse after exercise.
Why do you think this is the case?"
4,"Which of the following is not an example of an energy
transformation?
a. Heating up dinner in a microwave
b. Solar panels at work
c. Formation of static electricity
d. None of the above"
4,"Which of the following is not true about enzymes?
a. They are consumed by the reactions they
catalyze.
b. They are usually made of amino acids.
c. They lower the activation energy of chemical
reactions.
d. Each one is specific to the particular substrate(s)
to which it binds."
4,"Energy is stored long-term in the bonds of _____ and
used short-term to perform work from a(n) _____
molecule.
a. ATP : glucose
b. an anabolic molecule : catabolic molecule
c. glucose : ATP
d. a catabolic molecule : anabolic molecule"
4,"The energy currency used by cells is _____.
a. ATP
b. ADP
c. AMP
d. adenosine"
4,"The glucose that enters the glycolysis pathway is split
into two molecules of _________.
a. ATP
b. phosphate
c. NADH
d. pyruvate"
4,"What do the electrons added to NAD+
do?
a. They become part of a fermentation pathway.
b. They go to another pathway for ATP production.
c. They energize the entry of the acetyl group into
the citric acid cycle.
d. They are converted into NADP"
4,"Chemiosmosis involves
a. the movement of electrons across the cell
membrane
b. the movement of hydrogen atoms across a
mitochondrial membrane
c. the movement of hydrogen ions across a
mitochondrial membrane
d. the movement of glucose through the cell
membrane"
4,"Which of the following fermentation methods can
occur in animal skeletal muscles?
Chapter 4 | How Cells Obtain Energy 115
a. lactic acid fermentation
b. alcohol fermentation
c. mixed acid fermentation
d. propionic fermentation"
4,"The cholesterol synthesized by cells uses which
component of the glycolytic pathway as a starting point?
a. glucose
b. acetyl CoA
c. pyruvate
d. carbon dioxide"
4,"Beta oxidation is ________.
a. the breakdown of sugars
b. the assembly of sugars
c. the breakdown of fatty acids
d. the removal of amino groups from amino acids"
4,"Does physical exercise to increase muscle mass
involve anabolic and/or catabolic processes? Give
evidence for your answer."
4,"Explain in your own terms the difference between a
spontaneous reaction and one that occurs instantaneously,
and what causes this difference."
4,"With regard to enzymes, why are vitamins and
minerals necessary for good health? Give examples."
4,"Both prokaryotic and eukaryotic organisms carry out
some form of glycolysis. How does that fact support or not
support the assertion that glycolysis is one of the oldest
metabolic pathways?"
4,"We inhale oxygen when we breathe and exhale carbon
dioxide. What is the oxygen used for and where does the
carbon dioxide come from?"
4,"When muscle cells run out of oxygen, what happens to
the potential for energy extraction from sugars and what
pathways do the cell use?"
4,"Would you describe metabolic pathways as inherently
wasteful or inherently economical, and why?"
5,"On a hot, dry day, plants close their stomata
to conserve water. What impact will this have on
photosynthesis?"
5,"What two products result from photosynthesis?
a. water and carbon dioxide
b. water and oxygen
c. glucose and oxygen
d. glucose and carbon dioxid"
5,"Which statement about thylakoids in eukaryotes is not
correct?
a. Thylakoids are assembled into stacks.
b. Thylakoids exist as a maze of folded
membranes.
c. The space surrounding thylakoids is called
stroma.
d. Thylakoids contain chlorophyll."
5,"From where does a heterotroph directly obtain its
energy?
a. the sun
b. the sun and eating other organisms
c. eating other organisms
d. simple chemicals in the environment"
5,"What is the energy of a photon first used to do in
photosynthesis?
a. split a water molecule
b. energize an electron
c. produce ATP
d. synthesize glucose"
5,"Which molecule absorbs the energy of a photon in
photosynthesis?
a. ATP
b. glucose
c. chlorophyll
d. water"
5,"Plants produce oxygen when they photosynthesize.
Where does the oxygen come from?
a. splitting water molecules
b. ATP synthesis
c. the electron transport chain
d. chlorophyll"
5,"Which color(s) of light does chlorophyll a reflect?
a. red and blue
b. green
c. red
d. blue"
5,"Where in plant cells does the Calvin cycle take place?
a. thylakoid membrane
b. thylakoid space
c. stroma
d. granum"
5,"Which statement correctly describes carbon fixation?
a. the conversion of CO2 to an organic compound
b. the use of RUBISCO to form 3-PGA
c. the production of carbohydrate molecules from
G3P
Chapter 5 | Photosynthesis 133
d. the formation of RuBP from G3P molecules
e. the use of ATP and NADPH to reduce CO2"
5,"What is the molecule that leaves the Calvin cycle to be
converted into glucose?
a. ADP
b. G3P
c. RuBP
d. 3-PGA"
5,"What is the overall purpose of the light reactions in
photosynthesis?"
5,"Why are carnivores, such as lions, dependent on
photosynthesis to survive?"
5,"Describe the pathway of energy in light-dependent
reactions."
5,"Which part of the Calvin cycle would be affected if a
cell could not produce the enzyme RuBisCO?"
5,"Explain the reciprocal nature of the net chemical
reactions for photosynthesis and respiration."
6,"Which of the following is the correct order
of events in mitosis?
a. Sister chromatids line up at the metaphase plate.
The kinetochore becomes attached to the mitotic
spindle. The nucleus re-forms and the cell
divides. The sister chromatids separate.
b. The kinetochore becomes attached to the mitotic
spindle. The sister chromatids separate. Sister
chromatids line up at the metaphase plate. The
nucleus re-forms and the cell divides.
c. The kinetochore becomes attached to metaphase
plate. Sister chromatids line up at the metaphase
plate. The kinetochore breaks down and the
sister chromatids separate. The nucleus re-forms
and the cell divides.
d. The kinetochore becomes attached to the mitotic
spindle. Sister chromatids line up at the
metaphase plate. The kinetochore breaks apart
and the sister chromatids separate. The nucleus
re-forms and the cell divides."
6,"A diploid cell has ________ the number of
chromosomes as a haploid cell.
a. one-fourth
b. one-half
c. twice
d. four times"
6,"An organism’s traits are determined by the specific
combination of inherited ________.
a. cells
b. genes
c. proteins
d. chromatids"
6,"Chromosomes are duplicated during what portion of the
cell cycle?
a. G1 phase
b. S phase
c. prophase
d. prometaphase"
6,"Separation of the sister chromatids is a characteristic of
which stage of mitosis?
a. prometaphase
b. metaphase
c. anaphase
d. telophase"
6,"The individual chromosomes become visible with a
light microscope during which stage of mitosis?
a. prophase
b. prometaphase
c. metaphase
d. anaphase"
6,"What is necessary for a cell to pass the G2 checkpoint?
a. cell has reached a sufficient size
b. an adequate stockpile of nucleotides
c. accurate and complete DNA replication
d. proper attachment of mitotic spindle fibers to
kinetochores"
6,"________ are changes to the nucleotides in a segment
of DNA that codes for a protein.
a. Proto-oncogenes
b. Tumor suppressor genes
c. Gene mutations
d. Negative regulators"
6,"A gene that codes for a positive cell cycle regulator is
called a(n) ________.
a. kinase inhibitor
b. tumor suppressor gene
c. proto-oncogene
d. oncogene"
6,"Which eukaryotic cell-cycle event is missing in binary
fission?
a. cell growth
b. DNA duplication
c. mitosis
d. cytokinesis"
6,"FtsZ proteins direct the formation of a ________ that
will eventually form the new cell walls of the daughter
cells.
a. contractile ring
b. cell plate
c. cytoskeleton
d. septum"
6,"Compare and contrast a human somatic cell to a
human gamete."
6,"Describe the similarities and differences between the
cytokinesis mechanisms found in animal cells versus those
in plant cells."
6,"Outline the steps that lead to a cell becoming
cancerous."
6,"Explain the difference between a proto-oncogene and
a tumor suppressor gene."
6,"Name the common components of eukaryotic cell
division and binary fission."
7,"If a mutation occurs so that a fungus is no
longer able to produce a minus mating type, will it still be
able to reproduce?"
7,"What is a likely evolutionary advantage of sexual
reproduction over asexual reproduction?
a. sexual reproduction involves fewer steps
Chapter 7 | The Cellular Basis of Inheritance 171
b. less chance of using up the resources in a given
environment
c. sexual reproduction results in greater variation in
the offspring
d. sexual reproduction is more cost-effective"
7,"Which type of life cycle has both a haploid and diploid
multicellular stage?
a. an asexual life cycle
b. diploid-dominant
c. haploid-dominant
d. alternation of generations"
7,"Which event leads to a diploid cell in a life cycle?
a. meiosis
b. fertilization
c. alternation of generations
d. mutation"
7,"Meiosis produces ________ daughter cells.
a. two haploid
b. two diploid
c. four haploid
d. four diploid"
7,"At which stage of meiosis are sister chromatids
separated from each other?
a. prophase I
b. prophase II
c. anaphase I
d. anaphase II"
7,"The part of meiosis that is similar to mitosis is
________.
a. meiosis I
b. anaphase I
c. meiosis II
d. interkinesis"
7,"If a muscle cell of a typical organism has 32
chromosomes, how many chromosomes will be in a
gamete of that same organism?
a. 8
b. 16
c. 32
d. 64"
7,"The genotype XXY corresponds to:
a. Klinefelter syndrome
b. Turner syndrome
c. Triplo-X
d. Jacob syndrome"
7,"Abnormalities in the number of X chromosomes tend
to be milder than the same abnormalities in autosomes
because of ________.
a. deletions
b. nonhomologous recombination
c. synapsis
d. X inactivation"
7,"Aneuploidies are deleterious for the individual
because of what phenomenon?
a. nondisjunction
b. gene dosage
c. meiotic errors
d. X inactivation"
7,"Explain the advantage that populations of sexually
reproducing organisms have over asexually reproducing
organisms?"
7,"Describe the two events that are common to all
sexually reproducing organisms and how they fit into the
different life cycles of those organisms."
7,"Explain how the random alignment of homologous
chromosomes during metaphase I contributes to variation
in gametes produced by meiosis."
7,"In what ways is meiosis II similar to and different
from mitosis of a diploid cell?"
7,"Individuals with trisomy 21 are more likely to survive
to adulthood than individuals with trisomy 18. Based on
what you know about aneuploidies from this module, what
can you hypothesize about chromosomes 21 and 18?"
8,"In pea plants, round peas (R) are dominant
to wrinkled peas (r). You do a test cross between a pea
plant with wrinkled peas (genotype rr) and a plant of
unknown genotype that has round peas. You end up with
three plants, all which have round peas. From this data,
can you tell if the parent plant is homozygous dominant or
heterozygous?"
8,"In pea plants, purple flowers (P) are
dominant to white (p), and yellow peas (Y) are dominant to
green (y). What are the possible genotypes and phenotypes
for a cross between PpYY and ppYy pea plants? How many
squares would you need to complete a Punnett square
analysis of this cross?"
8,"What ratio of offspring would result from a
cross between a white-eyed male and a female that is
heterozygous for red eye color?"
8,"Imagine that you are performing a cross involving seed
color in garden pea plants. What traits would you expect to
observe in the F1 offspring if you cross true-breeding
parents with green seeds and yellow seeds? Yellow seed
color is dominant over green.
a. only yellow-green seeds
b. only yellow seeds
c. 1:1 yellow seeds:green seeds
d. 1:3 green seeds:yellow seeds"
8,"Imagine that you are performing a cross involving seed
texture in garden pea plants. You cross true-breeding
round and wrinkled parents to obtain F1 offspring. Which
of the following experimental results in terms of numbers
of plants are closest to what you expect in the F2 progeny?
a. 810 round seeds
b. 810 wrinkled seeds
c. 405:395 round seeds:wrinkled seeds
d. 610:190 round seeds:wrinkled seeds"
8,"The observable traits expressed by an organism are
described as its ________.
a. phenotype
b. genotype
c. alleles
d. zygote"
8,"A recessive trait will be observed in individuals that are
________ for that trait.
a. heterozygous
b. homozygous or heterozygous
c. homozygous
d. diploid"
8,"What are the types of gametes that can be produced by
an individual with the genotype AaBb?
a. Aa, Bb
b. AA, aa, BB, bb
c. AB, Ab, aB, ab
d. AB, ab"
8,"What is the reason for doing a test cross?
a. to identify heterozygous individuals with the
dominant phenotype
b. to determine which allele is dominant and which
is recessive
c. to identify homozygous recessive individuals in
the F2
d. to determine if two genes assort independently"
8,"If black and white true-breeding mice are mated and
the result is all gray offspring, what inheritance pattern
would this be indicative of?
a. dominance
b. codominance
c. multiple alleles
d. incomplete dominance"
8,"The ABO blood groups in humans are expressed as
the I
A
, I
B
, and i alleles. The I
A
allele encodes the A blood
group antigen, I
B
encodes B, and i encodes O. Both A and
B are dominant to O. If a heterozygous blood type A
parent (I
A
i) and a heterozygous blood type B parent (I
B
i)
mate, one quarter of their offspring are expected to have
the AB blood type (I
A
I
B
) in which both antigens are
expressed equally. Therefore, ABO blood groups are an
example of:
a. multiple alleles and incomplete dominance
b. codominance and incomplete dominance
c. incomplete dominance only
d. multiple alleles and codominance"
8,"In a cross between a homozygous red-eyed female
fruit fly and a white-eyed male fruit fly, what is the
expected outcome?
a. all white-eyed male offspring
b. all white-eyed female offspring
c. all red-eyed offspring
d. half white-eyed make offspring"
8,"When a population has a gene with four alleles
circulating, how many possible genotypes are there?
a. 3
b. 6
c. 10
d. 16"
8,"Describe one of the reasons that made the garden pea
an excellent choice of model system for studying
inheritance."
8,"Use a Punnett square to predict the offspring in a cross
between a dwarf pea plant (homozygous recessive) and a
tall pea plant (heterozygous). What is the phenotypic ratio
of the offspring?"
8,"Use a Punnett square to predict the offspring in a cross
between a tall pea plant (heterozygous) and a tall pea plant
(heterozygous). What is the genotypic ratio of the
offspring?"
8,Can a male be a carrier of red-green color blindness?
8,"Could an individual with blood type O (genotype ii)
be a legitimate child of parents in which one parent had
blood type A and the other parent had blood type B?"
9,"You isolate a cell strain in which the
joining together of Okazaki fragments is impaired and
suspect that a mutation has occurred in an enzyme found at the replication fork. Which enzyme is most likely to be
mutated?"
9,"Which of the following does cytosine pair with?
a. guanine
b. thymine
c. adenine
d. a pyrimidine"
9,"Prokaryotes contain a ________chromosome, and
eukaryotes contain ________ chromosomes.
a. single-stranded circular; single-stranded linear
b. single-stranded linear; single-stranded circular
c. double-stranded circular; double-stranded linear
d. double-stranded linear; double-stranded circular"
9,"DNA replicates by which of the following models?
a. conservative
b. semiconservative
c. dispersive
d. none of the above"
9,"The initial mechanism for repairing nucleotide errors in
DNA is ________.
a. mismatch repair
b. DNA polymerase proofreading
c. nucleotide excision repair
d. thymine dimers"
9,"A promoter is ________.
a. a specific sequence of DNA nucleotides
b. a specific sequence of RNA nucleotides
c. a protein that binds to DNA
d. an enzyme that synthesizes RNA"
9,"Portions of eukaryotic mRNA sequence that are
removed during RNA processing are ________.
a. exons
b. caps
c. poly-A tails
d. introns"
9,"The RNA components of ribosomes are synthesized in
the ________.
a. cytoplasm
b. nucleus
c. nucleolus
d. endoplasmic reticulum"
9,"How long would the peptide be that is translated from
this MRNA sequence: 5'-AUGGGCUACCGA-3'?
a. 0
b. 2
c. 3
d. 4"
9,"Control of gene expression in eukaryotic cells occurs
at which level(s)?
a. only the transcriptional level
b. epigenetic and transcriptional levels
c. epigenetic, transcriptional, and translational
levels
d. epigenetic, transcriptional, post-transcriptional,
translational, and post-translational levels"
9,"Post-translational control refers to:
a. regulation of gene expression after transcription
b. regulation of gene expression after translation
c. control of epigenetic activation
d. period between transcription and translation"
9,"Describe the organization of the eukaryotic
chromosome."
9,"Describe the structure and complementary base
pairing of DNA."
9,"How do the linear chromosomes in eukaryotes ensure
that its ends are replicated completely?"
9,"Transcribe and translate the following DNA sequence
(nontemplate strand): 5'-ATGGCCGGTTATTAAGCA-3'"
9,"Describe how controlling gene expression will alter
the overall protein levels in the cell."
10,"Why was Dolly a Finn-Dorset and not a
Scottish Blackface sheep?"
10,"In gel electrophoresis of DNA, the different bands in
the final gel form because the DNA molecules ________.
a. are from different organisms
b. have different lengths
c. have different nucleotide compositions
d. have different genes"
10,"In the reproductive cloning of an animal, the genome of
the cloned individual comes from ________.
a. a sperm cell
b. an egg cell
c. any gamete cell
d. a body cell"
10,"What carries a gene from one organism into a bacteria
cell?
a. a plasmid
b. an electrophoresis gel
c. a restriction enzyme
d. polymerase chain reaction"
10,"What is a genetically modified organism (GMO)?
a. a plant with certain genes removed
b. an organism with an artificially altered genome
c. a hybrid organism
d. any agricultural organism produced by breeding
or biotechnology"
10,"What is the role of Agrobacterium tumefaciens in the
production of transgenic plants?
a. Genes from A. tumefaciens are inserted into
plant DNA to give the plant different traits.
b. Transgenic plants have been given resistance to
the pest A. tumefaciens.
c. A. tumefaciens is used as a vector to move genes
into plant cells.
d. Plant genes are incorporated into the genome of
Agrobacterium tumefaciens."
10,"What is the most challenging issue facing genome
sequencing?
a. the inability to develop fast and accurate
sequencing techniques
b. the ethics of using information from genomes at
the individual level
c. the availability and stability of DNA
d. all of the above"
10,"Genomics can be used in agriculture to:
a. generate new hybrid strains
b. improve disease resistance
c. improve yield
d. all of the above"
10,"What kind of diseases are studied using genome-wide
association studies?
a. viral diseases
b. single-gene inherited diseases
c. diseases caused by multiple genes
d. diseases caused by environmental factors"
10,"What is the purpose and benefit of the polymerase
chain reaction?"
10,"Today, it is possible for a diabetic patient to purchase
human insulin from a pharmacist. What technology makes
this possible and why is it a benefit over how things used
to be?"
10,"Describe two of the applications for genome
mapping."
10,"Identify a possible advantage and a possible
disadvantage of a genetic test that would identify genes in
individuals that increase their probability of having
Alzheimer's disease later in life."